{"cameraMode":{"drawMode":0,"name":"Shaded","section":"Shading Mode"},"sceneLighting":true,"audioPlay":false,"sceneViewState":{"showFog":true,"showMaterialUpdate":false,"showSkybox":true,"showFlares":true,"showImageEffects":true,"showParticleSystems":true,"showVisualEffectGraphs":true,"m_FxEnabled":false},"in2DMode":false,"pivot":{"x":-1.0194432735443116,"y":-0.8433799743652344,"z":13.354656219482422},"rotation":{"x":0.15388749539852143,"y":0.0035580741241574289,"z":-0.0005600297008641064,"w":0.9880993366241455},"size":12.981901168823243,"orthographic":false}