{"cameraMode":{"drawMode":0,"name":"Shaded","section":"Shading Mode"},"sceneLighting":true,"audioPlay":false,"sceneViewState":{"showFog":true,"showMaterialUpdate":false,"showSkybox":true,"showFlares":true,"showImageEffects":true,"showParticleSystems":true,"showVisualEffectGraphs":true,"m_FxEnabled":false},"in2DMode":false,"pivot":{"x":0.061225056648254397,"y":-7.235393524169922,"z":0.05814552307128906},"rotation":{"x":0.25223278999328616,"y":0.010741719976067543,"z":-0.002803938463330269,"w":0.9676163196563721},"size":23.066490173339845,"orthographic":false}