{"cameraMode":{"drawMode":0,"name":"Shaded","section":"Shading Mode"},"sceneLighting":true,"audioPlay":false,"sceneViewState":{"showFog":true,"showMaterialUpdate":false,"showSkybox":true,"showFlares":true,"showImageEffects":true,"showParticleSystems":true,"showVisualEffectGraphs":true,"m_FxEnabled":false},"in2DMode":false,"pivot":{"x":-1.030219554901123,"y":-12.579923629760743,"z":-2.2405853271484377},"rotation":{"x":0.2816876173019409,"y":-0.07704007625579834,"z":0.022693078964948655,"w":0.9561537504196167},"size":19.847673416137697,"orthographic":false}