{"cameraMode":{"drawMode":0,"name":"Shaded","section":"Shading Mode"},"sceneLighting":true,"audioPlay":false,"sceneViewState":{"showFog":true,"showMaterialUpdate":false,"showSkybox":true,"showFlares":true,"showImageEffects":true,"showParticleSystems":true,"showVisualEffectGraphs":true,"m_FxEnabled":true},"in2DMode":false,"pivot":{"x":22.140201568603517,"y":-25.875606536865236,"z":51.28424835205078},"rotation":{"x":0.25647515058517458,"y":0.23066452145576478,"z":-0.06316597014665604,"w":0.9365028738975525},"size":40.45503234863281,"orthographic":false}