{"cameraMode":{"drawMode":0,"name":"Shaded","section":"Shading Mode"},"sceneLighting":true,"audioPlay":false,"sceneViewState":{"showFog":true,"showMaterialUpdate":false,"showSkybox":true,"showFlares":true,"showImageEffects":true,"showParticleSystems":true,"showVisualEffectGraphs":true,"m_FxEnabled":true},"in2DMode":false,"pivot":{"x":-1.9198269844055176,"y":2.1742501258850099,"z":-6.985490322113037},"rotation":{"x":-0.0028494754806160928,"y":0.9872297048568726,"z":-0.1583053469657898,"w":-0.017772110179066659},"size":9.555634498596192,"orthographic":false}