{"cameraMode":{"drawMode":0,"name":"Shaded","section":"Shading Mode"},"sceneLighting":true,"audioPlay":false,"sceneViewState":{"showFog":true,"showMaterialUpdate":false,"showSkybox":true,"showFlares":true,"showImageEffects":true,"showParticleSystems":true,"showVisualEffectGraphs":true,"m_FxEnabled":true},"in2DMode":false,"pivot":{"x":34.965335845947269,"y":-32.55685043334961,"z":31.526607513427736},"rotation":{"x":0.26998716592788699,"y":0.4324505925178528,"z":-0.13747765123844148,"w":0.8492396473884583},"size":31.065248489379884,"orthographic":false}