{"cameraMode":{"drawMode":0,"name":"Shaded","section":"Shading Mode"},"sceneLighting":true,"audioPlay":false,"sceneViewState":{"showFog":true,"showMaterialUpdate":false,"showSkybox":true,"showFlares":true,"showImageEffects":true,"showParticleSystems":true,"showVisualEffectGraphs":true,"m_FxEnabled":true},"in2DMode":false,"pivot":{"x":2.8804984092712404,"y":-23.460237503051759,"z":12.634014129638672},"rotation":{"x":0.6521511673927307,"y":-0.09470284730195999,"z":0.08261223137378693,"w":0.7476060390472412},"size":22.08478546142578,"orthographic":false}